,Rank,Team,Index,Wins,Losses,Points
0,1,Atlas,100.0,5,2,15
2,2,Outlaws,76.43229677424574,5,2,15
6,3,Cannons,70.00341618177843,3,4,9
5,4,Whipsnakes,64.84999081697667,3,4,9
7,5,Waterdogs,57.986072218394405,4,3,12
4,6,Archers,55.67598712440633,3,4,9
1,7,Chaos,45.846682229549394,3,4,9
3,8,Redwoods,31.757144704040822,2,5,6
