,Rank,Team,Index,Wins,Losses,Points
6,1,Cannons,99.99999999999999,3,2,9
0,2,Atlas,96.51547003899933,3,2,9
2,3,Outlaws,70.60922096263313,3,2,9
5,4,Whipsnakes,66.26104370471698,2,3,6
4,5,Archers,65.95992649193116,2,3,6
7,6,Waterdogs,60.95933155850864,3,2,9
1,7,Chaos,50.72774140053475,2,3,6
3,8,Redwoods,44.80692117976214,2,3,6
