,Rank,Team,Index,Wins,Losses,Points
0,1,Atlas,100.0,8,3,24
2,2,Outlaws,73.44452601452409,7,4,21
3,3,Redwoods,59.521486717519686,7,5,21
6,4,Cannons,57.84059891931683,4,6,12
4,5,Archers,50.82798720697866,4,6,12
1,6,Chaos,48.13857502757976,5,6,15
5,7,Whipsnakes,46.146083409387906,4,7,12
7,8,Waterdogs,40.47667774593247,5,7,15
