,Rank,Team,Index,Wins,Losses,Points
3,1,Cannons,99.99999999999999,7,3,21
2,2,Atlas,99.92597948638945,7,3,21
6,3,Whipsnakes,77.28903796852444,6,4,18
1,4,Archers,72.70923836741757,6,4,18
4,5,Outlaws,56.032723134590434,5,5,15
5,6,Chaos,42.234340486863516,4,6,12
7,7,Redwoods,30.212784583150817,3,7,9
0,8,Waterdogs,23.072695581185634,2,8,6
