,Rank,Team,Index,Wins,Losses,Points
0,1,Atlas,100.0,9,3,27
2,2,Outlaws,75.88741551398212,8,4,24
6,3,Cannons,55.34463515125361,4,6,12
4,4,Archers,48.09702685651316,4,6,12
3,5,Redwoods,47.579787465085275,6,6,18
1,6,Chaos,45.31771763178145,5,6,15
5,7,Whipsnakes,43.88169351778082,4,7,12
7,8,Waterdogs,38.573272161103375,5,7,15
