,Rank,Team,Index,Wins,Losses,Points
6,1,Cannons,100.0,2,1,6
4,2,Archers,82.39822550371284,2,1,6
0,3,Atlas,75.11656331057023,1,2,3
5,4,Whipsnakes,64.24616127367737,1,2,3
3,5,Redwoods,61.50781769864085,2,1,6
7,6,Waterdogs,55.162147205385075,2,1,6
2,7,Outlaws,50.80084614676182,1,2,3
1,8,Chaos,43.02979459464303,1,2,3
