,Rank,Team,Index,Wins,Losses,Points
0,1,Atlas,100.0,7,3,21
2,2,Outlaws,83.41928755813566,7,3,21
6,3,Cannons,60.18744639542884,4,6,12
1,4,Chaos,55.04128013811497,5,5,15
5,5,Whipsnakes,53.92522654114284,4,6,12
4,6,Archers,52.59834292488528,4,6,12
3,7,Redwoods,51.314538269877914,5,5,15
7,8,Waterdogs,40.16847471205603,4,6,12
