,Rank,Team,Index,Wins,Losses,Points
6,1,Cannons,100.0,3,1,9
0,2,Atlas,77.73485599672281,2,2,6
4,3,Archers,66.16979550479202,2,2,6
3,4,Redwoods,57.44918680116247,2,1,6
5,5,Whipsnakes,56.257090411228894,2,3,6
2,6,Outlaws,54.72834736477551,2,2,6
7,7,Waterdogs,44.11586517640865,2,2,6
1,8,Chaos,35.6613748840962,1,3,3
