,Rank,Team,Index,Wins,Losses,Points
0,1,Atlas,100.0,8,3,24
2,2,Outlaws,85.74477793226507,8,3,24
6,3,Cannons,58.60641358480579,4,6,12
3,4,Redwoods,51.697530240326124,6,6,18
4,5,Archers,51.30270488524014,4,6,12
1,6,Chaos,48.845151330761915,5,6,15
5,7,Whipsnakes,47.287927287287076,4,7,12
7,8,Waterdogs,41.62623902584934,5,7,15
