,Rank,Team,Index,Wins,Losses,Points
0,1,Atlas,99.99999999999999,7,3,21
2,2,Outlaws,84.9766601367883,7,3,21
6,3,Cannons,61.012735242904895,4,6,12
3,4,Redwoods,57.57442205883164,6,5,18
4,5,Archers,52.991287750890436,4,6,12
1,6,Chaos,50.41383654609864,5,6,15
5,7,Whipsnakes,49.33496774810859,4,7,12
7,8,Waterdogs,45.81212662578199,5,6,15
