,Rank,Team,Index,Wins,Losses,Points
0,1,Atlas,100.00000000000001,7,3,21
2,2,Outlaws,85.18836781039602,7,3,21
6,3,Cannons,60.69766006653455,4,6,12
1,4,Chaos,54.72679143657399,5,5,15
5,5,Whipsnakes,54.35725222350185,4,6,12
4,6,Archers,53.07114263101831,4,6,12
3,7,Redwoods,52.250239721239204,5,5,15
7,8,Waterdogs,40.616990439548715,4,6,12
