,Rank,Team,Index,Wins,Losses,Ties,Points
0,1,Carolina Ascent FC,100.0,9,0,1,28
8,2,Sporting Jax,96.39778184800426,7,2,1,22
1,3,Lexington SC,70.8475348195403,6,3,2,20
6,4,Spokane Zephyr FC,63.110518554884145,4,2,2,14
7,5,Dallas Trinity FC,40.41804318794285,3,5,4,13
4,6,DC Power FC,25.31774103764516,4,6,2,14
2,7,Tampa Bay Sun FC,19.74872717907467,4,7,0,12
3,8,Brooklyn FC,18.66791994664035,2,7,1,7
5,9,Fort Lauderdale United FC,10.737056435461874,1,8,1,4
