,Rank,Team,Index,Wins,Losses,Ties,Points
0,1,Carolina Ascent FC,100.0,11,1,1,34
1,2,Lexington SC,82.91936058855623,9,3,2,29
8,3,Sporting Jax,74.27068196965277,7,4,1,22
6,4,Spokane Zephyr FC,62.259116028142266,5,2,2,17
7,5,Dallas Trinity FC,35.946343413101786,4,6,4,16
4,6,DC Power FC,22.983871510812868,4,6,2,14
2,7,Tampa Bay Sun FC,16.777795107539262,4,8,0,12
3,8,Brooklyn FC,15.478507768704857,2,8,1,7
5,9,Fort Lauderdale United FC,8.987238315577185,1,9,1,4
