,Rank,Team,Index,Wins,Losses,Ties,Points
0,1,Carolina Ascent FC,100.00000000000001,8,0,1,25
8,2,Sporting Jax,96.10211713767836,5,2,1,16
1,3,Lexington SC,75.68269742310304,5,3,1,16
6,4,Spokane Zephyr FC,60.66252067706691,3,2,1,10
7,5,Dallas Trinity FC,44.14143298061077,2,5,3,9
4,6,DC Power FC,32.46903393241863,4,4,1,13
3,7,Brooklyn FC,25.39242139686298,2,5,1,7
2,8,Tampa Bay Sun FC,22.26248069517444,3,6,0,9
5,9,Fort Lauderdale United FC,14.453300215808447,1,6,1,4
