,Rank,Team,Index,Wins,Losses,Ties,Points
8,1,Sporting Jax,100.0,5,1,1,16
0,2,Carolina Ascent FC,92.7336702395774,7,0,1,22
1,3,Lexington SC,64.85578174110816,4,3,1,13
6,4,Spokane Zephyr FC,55.70036181699342,2,2,1,7
7,5,Dallas Trinity FC,45.090709526052926,2,5,2,8
4,6,DC Power FC,28.930433352276104,3,4,1,10
2,7,Tampa Bay Sun FC,23.489220866706308,3,5,0,9
5,8,Fort Lauderdale United FC,21.9651336068168,1,4,1,4
3,9,Brooklyn FC,21.073899088265023,2,5,0,6
