,Rank,Team,Index,Wins,Losses,Ties,Points
8,1,Sporting Jax,100.0,5,0,1,16
0,2,Carolina Ascent FC,75.42011076888534,6,0,1,19
1,3,Lexington SC,55.181602995234265,3,3,1,10
7,4,Dallas Trinity FC,42.3385006988733,2,4,2,8
6,5,Spokane Zephyr FC,37.73878083357922,1,2,1,4
4,6,DC Power FC,25.894226802036965,3,4,1,10
2,7,Tampa Bay Sun FC,24.32625255979605,3,4,0,9
5,8,Fort Lauderdale United FC,18.56368433560665,1,4,1,4
3,9,Brooklyn FC,18.05204222190897,2,5,0,6
