,Rank,Team,Index,Wins,Losses,Ties,Points
0,1,Carolina Ascent FC,100.0,10,0,1,31
8,2,Sporting Jax,78.19013653345814,7,3,1,22
1,3,Lexington SC,66.72800424176828,7,3,2,23
6,4,Spokane Zephyr FC,58.138848126297624,5,2,2,17
7,5,Dallas Trinity FC,36.44317599505419,4,5,4,16
4,6,DC Power FC,21.63027166553712,4,6,2,14
2,7,Tampa Bay Sun FC,15.759676351536397,4,8,0,12
3,8,Brooklyn FC,14.679874734199068,2,8,1,7
5,9,Fort Lauderdale United FC,8.314597796941019,1,9,1,4
