,Rank,Team,Index,Wins,Losses,Ties,Points
4,1,Sporting Jax,100.0,1,0,0,3
1,2,Lexington SC,75.50867590791269,0,1,0,0
3,3,Dallas Trinity FC,74.63130468724977,0,1,0,0
0,4,Carolina Ascent FC,73.49186525914365,1,0,0,3
2,5,Tampa Bay Sun FC,39.92158439502554,1,0,0,3
5,6,Fort Lauderdale United FC,23.44082064951975,0,1,0,0
