,Rank,Team,Index,Wins,Losses,Ties,Points
8,1,Sporting Jax,100.0,4,0,1,13
1,2,Lexington SC,71.41326040415586,3,2,1,10
0,3,Carolina Ascent FC,71.41072327283368,5,0,1,16
7,4,Dallas Trinity FC,63.08387360841596,2,3,2,8
4,5,DC Power FC,37.77847030783833,2,3,1,7
6,6,Spokane Zephyr FC,37.40381849823437,1,2,1,4
2,7,Tampa Bay Sun FC,28.58791141256938,3,3,0,9
5,8,Fort Lauderdale United FC,12.70358887849123,0,3,1,1
3,9,Brooklyn FC,11.87100366136661,1,5,0,3
