,Team,Rank,Wins,Losses,Ties,Points
4,Germany de,100.0,1,0,0,3
8,France fr,99.7894312591599,1,0,0,3
10,USA us,98.80457526905144,1,0,0,3
7,br Brazil,98.43719843112149,1,0,0,3
2,Canada ca,98.05665490550126,1,0,0,3
0,Spain es,97.83614345312445,1,0,0,3
9,co Colombia,41.4514350973488,0,1,0,0
5,au Australia,40.569620857684,0,1,0,0
3,nz New Zealand,40.55384592207795,0,1,0,0
6,Nigeria ng,40.265832605543864,0,1,0,0
1,jp Japan,40.01125822799281,0,1,0,0
11,zm Zambia,39.513177396839275,0,1,0,0
