,Team,Rank,Wins,Losses,Ties,Points
0,Chelsea,100.0,3,0,0,9
7,Manchester City,81.84997350568072,3,0,1,10
2,Manchester Utd,48.49569411465479,3,0,0,9
6,Arsenal,47.27835830369053,1,1,2,5
4,Brighton,29.91295879868309,3,1,0,9
8,Liverpool,19.14225372463237,1,1,2,5
5,Everton,12.657408724930516,0,2,2,2
10,Tottenham,12.444069334387576,1,2,1,4
3,West Ham,10.566226893649027,0,2,2,2
1,Aston Villa,8.92935298781049,0,2,2,2
11,Crystal Palace,8.779792335470496,1,3,0,3
9,Leicester City,7.557809302162927,0,2,2,2
