,Team,Rank,Wins,Losses,Ties,Points
10,USA,100.0,6,0,0,18
2,Canada,76.44895222063651,4,0,0,12
0,Spain,44.63058615129186,4,2,0,12
4,Germany,41.35924368897314,3,3,0,9
1,Japan,36.68753883369043,2,2,0,6
7,Brazil,34.782028188822636,3,3,0,9
8,France,29.45951060057876,2,2,0,6
5,Australia,26.587621820521697,1,2,0,3
9,Colombia,16.2342805853472,1,3,0,3
11,Zambia,11.688291714855001,0,3,0,0
6,Nigeria,10.72155909572736,0,3,0,0
3,New Zealand,8.839182798356537,0,3,0,0
