,Team,Rank,Wins,Losses,Ties,Points
10,USA,99.99999999999999,4,0,0,12
2,Canada,76.55210248364502,3,0,1,10
0,Spain,71.03194115462459,3,0,1,10
4,Germany,54.74866680713443,2,1,1,7
1,Japan,40.676413076888615,2,2,0,6
7,Brazil,35.352497088315346,2,2,0,6
8,France,34.69226855962129,2,2,0,6
9,Colombia,30.536877745155625,1,2,1,4
5,Australia,27.788809406650042,1,2,0,3
11,Zambia,11.34505833087171,0,3,0,0
6,Nigeria,10.170688774756089,0,3,0,0
3,New Zealand,10.001404933139828,0,3,0,0
