,Team,Rank,Wins,Losses,Ties,Points
2,Canada,99.99999999999999,3,0,0,9
10,USA,97.65379099922004,3,0,0,9
0,Spain,97.00971737562118,3,0,0,9
1,Japan,60.80540279532197,2,1,0,6
4,Germany,60.77007665050061,2,1,0,6
8,France,60.297261470317125,2,1,0,6
9,Colombia,32.6877725135048,1,2,0,3
7,Brazil,32.375525769773105,1,2,0,3
5,Australia,32.04998389007451,1,2,0,3
6,Nigeria,13.863455381290265,0,3,0,0
3,New Zealand,13.702355718353251,0,3,0,0
11,Zambia,13.544588397808475,0,3,0,0
