,Rank,Team,Index,Wins,Losses,Points
10,1,USA,100.0,6,0,18
4,2,Germany,53.69999313154246,4,2,12
2,3,Canada,48.438121311821114,3,1,9
0,4,Spain,46.73565708924777,4,2,12
7,5,Brazil,37.440601359912435,3,3,9
1,6,Japan,34.00397433332063,2,2,6
8,7,France,30.878559220140815,2,2,6
5,8,Australia,28.349157228960788,1,2,3
9,9,Colombia,13.97184560940679,1,3,3
11,10,Zambia,12.079129336847606,0,3,0
6,11,Nigeria,9.987753393735202,0,3,0
3,12,New Zealand,8.728826646213289,0,3,0
